{
  "nether": {
    "biomeMap": {
      "biomeSize [default: 256]": 256,
      "biomeVerticalSize(onlyInTallNether) [default: 86]": 86
    }
  },
  "end": {
    "biomeMap": {
      "biomeSizeLand [default: 256]": 256,
      "biomeSizeVoid [default: 256]": 256
    }
  },
  "options": {
    "customNetherBiomeSource [default: true]": true,
    "customEndBiomeSource [default: true]": true,
    "addNetherBiomesByCategory [default: false]": false,
    "addEndBiomesByCategory [default: false]": false,
    "useOldBiomeGenerator [default: false]": false,
    "verticalBiomesInTallNether [default: true]": true
  }
}