{
  "version": 1,
  "displayDebugData": false,
  "leafSize": 7,
  "leafLifespan": 403,
  "leafSpawnRate": 20,
  "coniferLeafSpawnRate": 5,
  "dropFromPlayerPlacedBlocks": true,
  "minimumFreeSpaceBelow": 1,
  "windEnabled": true,
  "windlessDimensions": [
    "minecraft:the_end",
    "minecraft:the_nether"
  ],
  "leafSettings": {
    "minecraft:flowering_azalea_leaves": {
      "spawnRateFactor": 1.0,
      "isConiferBlock": false
    },
    "minecraft:jungle_leaves": {
      "spawnRateFactor": 0.0,
      "isConiferBlock": false
    },
    "blockus:legacy_leaves": {
      "spawnRateFactor": 1.0,
      "isConiferBlock": false
    },
    "blockus:white_oak_leaves": {
      "spawnRateFactor": 1.0,
      "isConiferBlock": false
    },
    "minecraft:azalea_leaves": {
      "spawnRateFactor": 1.0,
      "isConiferBlock": false
    },
    "minecraft:birch_leaves": {
      "spawnRateFactor": 1.0,
      "isConiferBlock": false
    },
    "minecraft:acacia_leaves": {
      "spawnRateFactor": 1.0,
      "isConiferBlock": false
    },
    "minecraft:oak_leaves": {
      "spawnRateFactor": 1.0,
      "isConiferBlock": false
    },
    "minecraft:dark_oak_leaves": {
      "spawnRateFactor": 1.0,
      "isConiferBlock": false
    },
    "minecraft:spruce_leaves": {
      "spawnRateFactor": 1.0,
      "isConiferBlock": true
    },
    "betternether:anchor_tree_leaves": {
      "spawnRateFactor": 1.0,
      "isConiferBlock": false
    },
    "betternether:nether_sakura_leaves": {
      "spawnRateFactor": 1.0,
      "isConiferBlock": false
    },
    "betternether:willow_leaves": {
      "spawnRateFactor": 1.0,
      "isConiferBlock": false
    },
    "betternether:rubeus_leaves": {
      "spawnRateFactor": 1.0,
      "isConiferBlock": false
    },
    "betternether:anchor_tree_vine": {
      "spawnRateFactor": 1.0,
      "isConiferBlock": false
    },
    "betternether:black_vine": {
      "spawnRateFactor": 1.0,
      "isConiferBlock": false
    },
    "betternether:soul_vein": {
      "spawnRateFactor": 1.0,
      "isConiferBlock": false
    },
    "betternether:eyeball_small": {
      "spawnRateFactor": 1.0,
      "isConiferBlock": false
    },
    "betternether:stalagnate_seed": {
      "spawnRateFactor": 1.0,
      "isConiferBlock": false
    },
    "betternether:eye_vine": {
      "spawnRateFactor": 1.0,
      "isConiferBlock": false
    },
    "betternether:nether_reed_stem": {
      "spawnRateFactor": 1.0,
      "isConiferBlock": false
    },
    "betternether:mushroom_fir_sapling": {
      "spawnRateFactor": 1.0,
      "isConiferBlock": false
    },
    "betternether:orange_mushroom": {
      "spawnRateFactor": 1.0,
      "isConiferBlock": false
    },
    "betternether:egg_plant": {
      "spawnRateFactor": 1.0,
      "isConiferBlock": false
    },
    "betternether:lumabus_vine": {
      "spawnRateFactor": 1.0,
      "isConiferBlock": false
    },
    "betternether:magma_flower": {
      "spawnRateFactor": 1.0,
      "isConiferBlock": false
    },
    "betternether:anchor_tree_sapling": {
      "spawnRateFactor": 1.0,
      "isConiferBlock": false
    },
    "betternether:ink_bush": {
      "spawnRateFactor": 1.0,
      "isConiferBlock": false
    },
    "betternether:whispering_gourd_vine": {
      "spawnRateFactor": 1.0,
      "isConiferBlock": false
    },
    "betternether:willow_sapling": {
      "spawnRateFactor": 1.0,
      "isConiferBlock": false
    },
    "betternether:rubeus_sapling": {
      "spawnRateFactor": 1.0,
      "isConiferBlock": false
    },
    "betternether:blooming_vine": {
      "spawnRateFactor": 1.0,
      "isConiferBlock": false
    },
    "betternether:black_apple": {
      "spawnRateFactor": 1.0,
      "isConiferBlock": false
    },
    "betternether:golden_lumabus_vine": {
      "spawnRateFactor": 1.0,
      "isConiferBlock": false
    },
    "betternether:neon_equisetum": {
      "spawnRateFactor": 1.0,
      "isConiferBlock": false
    },
    "betternether:golden_vine": {
      "spawnRateFactor": 1.0,
      "isConiferBlock": false
    },
    "betternether:feather_fern": {
      "spawnRateFactor": 1.0,
      "isConiferBlock": false
    },
    "betternether:potted_plant": {
      "spawnRateFactor": 1.0,
      "isConiferBlock": false
    },
    "betternether:bone_mushroom": {
      "spawnRateFactor": 1.0,
      "isConiferBlock": false
    },
    "betternether:jellyfish_mushroom_sapling": {
      "spawnRateFactor": 1.0,
      "isConiferBlock": false
    },
    "betternether:nether_sakura_sapling": {
      "spawnRateFactor": 1.0,
      "isConiferBlock": false
    },
    "betternether:eyeball": {
      "spawnRateFactor": 1.0,
      "isConiferBlock": false
    },
    "betternether:black_bush": {
      "spawnRateFactor": 1.0,
      "isConiferBlock": false
    },
    "twm:mangrove_leaves": {
      "spawnRateFactor": 1.0,
      "isConiferBlock": false
    },
    "bewitchment:juniper_leaves": {
      "spawnRateFactor": 1.0,
      "isConiferBlock": false
    },
    "bewitchment:elder_leaves": {
      "spawnRateFactor": 1.0,
      "isConiferBlock": false
    },
    "bewitchment:dragons_blood_leaves": {
      "spawnRateFactor": 1.0,
      "isConiferBlock": false
    },
    "bewitchment:cypress_leaves": {
      "spawnRateFactor": 1.0,
      "isConiferBlock": false
    }
  }
}